{
    "screen_width": 1920,
    "screen_height": 1080,
    "left_click_distance": 13.0,
    "right_click_distance": 12.206555615733702,
    "scroll_click_distance": 20.0,
    "drag_click_distance": 20.0,
    "left_click_duration": 0.19126510620117188,
    "right_click_duration": 0.1995699405670166,
    "scroll_click_duration": 1.0,
    "drag_click_duration": 1.0,
    "min_hand_x": 0.1138412281870842,
    "max_hand_x": 0.9130669832229614,
    "min_hand_y": 0.07656461000442505,
    "max_hand_y": 0.9244289398193359,
    "movement_amplification_x": 2402.3249850273046,
    "movement_amplification_y": 1273.7886971088458,
    "smoothing_factor": 0.65,
    "scroll_sensitivity": 4.34
}